{
  "viewStackIds": [],
  "scale": 0.8187307530779827,
  "offsetX": -1314.627937067675,
  "offsetY": -387.31102189409086,
  "selectedNodeId": null,
  "editorOpenNodeId": null
}